INSERT INTO nhan_vien (ho_ten, ngay_sinh, gioi_tinh, so_dien_thoai, email, dia_chi, avatar) VALUES
('Nguyễn Văn A', '1995-05-10', 'Nam', '0912345671', 'nguyenvana@example.com', 'Hà Nội', 'avatar1.jpg'),
('Trần Thị B', '1992-09-22', 'Nữ', '0987654322', 'tranthib@example.com', 'TP.HCM', 'avatar2.jpg'),
('Lê Hoàng C', '1988-12-15', 'Nam', '0934567893', 'lehoangc@example.com', 'Đà Nẵng', 'avatar3.jpg'),
('Phạm Minh D', '1990-07-30', 'Nam', '0972345674', 'phamminhd@example.com', 'Cần Thơ', 'avatar4.jpg'),
('Võ Thị E', '1997-11-11', 'Nữ', '0945678915', 'vothie@example.com', 'Bình Dương', 'avatar5.jpg'),
('Đặng Thanh F', '1985-04-25', 'Nam', '0919876546', 'dangthanhf@example.com', 'Quảng Ninh', 'avatar6.jpg'),
('Hoàng Mỹ G', '1993-08-19', 'Nữ', '0981234567', 'hoangmyg@example.com', 'Hải Phòng', 'avatar7.jpg'),
('Ngô Nhật H', '1996-06-06', 'Nam', '0965432188', 'ngonhath@example.com', 'Huế', 'avatar8.jpg'),
('Lý Tiến I', '1991-03-17', 'Nam', '0923456789', 'lytieni@example.com', 'Bắc Ninh', 'avatar9.jpg'),
('Tạ Quốc J', '1987-09-09', 'Nam', '0956781230', 'taquocj@example.com', 'Hải Dương', 'avatar10.jpg'),
('Lâm Thu K', '1994-12-20', 'Nữ', '0908765431', 'lamthuk@example.com', 'Hà Nam', 'avatar11.jpg'),
('Nguyễn Quốc L', '1989-05-28', 'Nam', '0937654322', 'nguyenquocl@example.com', 'Nghệ An', 'avatar12.jpg'),
('Bùi Nhật M', '1998-07-14', 'Nam', '0989876543', 'buinhatm@example.com', 'Thanh Hóa', 'avatar13.jpg'),
('Đỗ Minh N', '1986-11-30', 'Nam', '0911234564', 'dominhn@example.com', 'Bắc Giang', 'avatar14.jpg'),
('Trương Thị O', '1995-02-22', 'Nữ', '0966789125', 'truongthio@example.com', 'Nam Định', 'avatar15.jpg'),
('Lê Văn P', '1993-10-10', 'Nam', '0943216789', 'levanp@example.com', 'Vĩnh Phúc', 'avatar16.jpg'),
('Nguyễn Thị Q', '1997-04-04', 'Nữ', '0973456788', 'nguyenthiq@example.com', 'Thái Nguyên', 'avatar17.jpg'),
('Vũ Minh R', '1984-06-18', 'Nam', '0932223456', 'vuminhr@example.com', 'Quảng Ngãi', 'avatar18.jpg'),
('Hồ Quốc S', '1992-08-23', 'Nam', '0923456781', 'hoquocs@example.com', 'Đồng Nai', 'avatar19.jpg'),
('Đinh Thị T', '1999-01-01', 'Nữ', '0954321678', 'dinhthit@example.com', 'Kiên Giang', 'avatar20.jpg');
INSERT INTO phong_ban (id_phong_ban, ten_phong_ban) VALUES
(1, 'Phòng Kỹ thuật'),
(2, 'Phòng Nhân sự'),
(3, 'Phòng Kinh doanh'),
(4, 'Phòng Tài chính'),
(5, 'Phòng Marketing');
INSERT INTO nhan_vien_phong_ban (id_phong_ban, id_nhan_vien, chuc_vu) VALUES
(1, 1, 'Kỹ sư phần mềm'),
(1, 2, 'Lập trình viên'),
(1, 3, 'Tester'),
(2, 4, 'Chuyên viên tuyển dụng'),
(2, 5, 'Trợ lý nhân sự'),
(2, 6, 'Quản lý nhân sự'),
(3, 7, 'Nhân viên kinh doanh'),
(3, 8, 'Chuyên viên bán hàng'),
(3, 9, 'Trợ lý kinh doanh'),
(4, 10, 'Chuyên viên tài chính'),
(4, 11, 'Kế toán viên'),
(4, 12, 'Trợ lý kế toán'),
(5, 13, 'Chuyên viên marketing'),
(5, 14, 'Content Marketing'),
(5, 15, 'Chuyên viên SEO'),
(1, 16, 'Lập trình viên Backend'),
(2, 17, 'Nhân viên tuyển dụng'),
(3, 18, 'Nhân viên chăm sóc khách hàng'),
(4, 19, 'Chuyên viên kiểm toán'),
(5, 20, 'Quản lý thương hiệu');
INSERT INTO luong (id_nhan_vien, so_tien_luong, thang_nhan_luong) VALUES
(1, 15000000, '2024-03-01'),
(2, 14000000, '2024-03-01'),
(3, 13000000, '2024-03-01'),
(4, 12000000, '2024-03-01'),
(5, 11000000, '2024-03-01'),
(6, 16000000, '2024-03-01'),
(7, 17000000, '2024-03-01'),
(8, 18000000, '2024-03-01'),
(9, 19000000, '2024-03-01'),
(10, 20000000, '2024-03-01'),
(11, 21000000, '2024-03-01'),
(12, 22000000, '2024-03-01'),
(13, 23000000, '2024-03-01'),
(14, 24000000, '2024-03-01'),
(15, 25000000, '2024-03-01'),
(16, 15000000, '2024-03-01'),
(17, 14000000, '2024-03-01'),
(18, 13000000, '2024-03-01'),
(19, 12000000, '2024-03-01'),
(20, 11000000, '2024-03-01');